-- Create Investment Portfolio Database
CREATE DATABASE IF NOT EXISTS investment_portfolio;

-- Use Investment Portfolio Database
USE investment_portfolio;

-- Create managers table
CREATE TABLE IF NOT EXISTS managers(
    managerID INT PRIMARY KEY,
    email VARCHAR(30),
    accountcreation DATETIME DEFAULT CURRENT_TIMESTAMP,
    phone VARCHAR(15),
    name VARCHAR(60),
    lastlogindate DATETIME DEFAULT CURRENT_TIMESTAMP
                    ON UPDATE CURRENT_TIMESTAMP
);

-- Create users table
CREATE TABlE IF NOT EXISTS users(
    userID INT AUTO_INCREMENT PRIMARY KEY,
    managerID INT,
    firstname VARCHAR(30),
    lastname VARCHAR(30),
    occupation VARCHAR(30),
    email VARCHAR(30),
    accountcreation DATETIME DEFAULT CURRENT_TIMESTAMP,
    CONSTRAINT fk_users FOREIGN KEY (managerID)
        REFERENCES managers(managerID)
        ON UPDATE CASCADE
        ON DELETE CASCADE
);

-- Create marketdata table
CREATE TABLE IF NOT EXISTS marketdata(
    assetID INT PRIMARY KEY,
    currentprice FLOAT,
    highprice FLOAT,
    lowprice FLOAT,
    datasource VARCHAR(50)
);

-- Create historicaldata table
CREATE TABLE IF NOT EXISTS historicaldata(
    assetID INT,
    datechanged DATETIME DEFAULT CURRENT_TIMESTAMP
                ON UPDATE CURRENT_TIMESTAMP,
    price FLOAT,
    PRIMARY KEY(assetID, datechanged),
    CONSTRAINT fk_historicaldata FOREIGN KEY (assetID)
        REFERENCES marketdata(assetID)
        ON UPDATE CASCADE
        ON DELETE CASCADE
);

-- Create userviewhistory table
CREATE TABLE IF NOT EXISTS userviewhistory(
    assetID INT,
    userID INT,
    PRIMARY KEY(assetID, userID),
    CONSTRAINT fk_userviewhistory1 FOREIGN KEY (assetID)
        REFERENCES marketdata(assetID)
        ON UPDATE CASCADE
        ON DELETE CASCADE,
    CONSTRAINT fk_userviewhistory2 FOREIGN KEY (userID)
        REFERENCES users(userID)
        ON UPDATE CASCADE
        ON DELETE CASCADE
);

-- Create accounts table
CREATE TABLE IF NOT EXISTS accounts(
    accountNum INT PRIMARY KEY,
    userID INT,
    cashbalance FLOAT,
    investmentvalue FLOAT,
    totalvalue FLOAT,
    CONSTRAINT fk_04 FOREIGN KEY (userID)
        REFERENCES users(userID)
        ON UPDATE CASCADE
        ON DELETE CASCADE
);

-- Create investments table
CREATE TABLE IF NOT EXISTS investments (
    investmentID INT AUTO_INCREMENT PRIMARY KEY,
    risklevel VARCHAR(50),
    currency VARCHAR(3),
    currentvalue DECIMAL(10,2),
    liquidityratio VARCHAR(50),
    purchasedate DATETIME DEFAULT CURRENT_TIMESTAMP,
    investmenttype VARCHAR(50),
    purchaseprice DECIMAL(10,2)
);

-- Create portfolios table
CREATE TABLE IF NOT EXISTS portfolios (
    portfolioID INT AUTO_INCREMENT PRIMARY KEY,
    investmentID INT,
    userID INT,
    portfolioType VARCHAR(50),
    creationdate DATETIME DEFAULT CURRENT_TIMESTAMP,
    CONSTRAINT fk_portfolios_investments FOREIGN KEY (InvestmentID)
       REFERENCES investments(investmentID)
        ON UPDATE CASCADE
        ON DELETE CASCADE,
    CONSTRAINT fk_portfolios_clients FOREIGN KEY (userID)
       REFERENCES users(userID)
       ON UPDATE CASCADE
       ON DELETE CASCADE
);

-- Create performance_indicators table
CREATE TABLE IF NOT EXISTS performance_indicators (
    indicatorID INT AUTO_INCREMENT PRIMARY KEY,
    portfolioID INT NOT NULL,
    datemeasured DATETIME DEFAULT CURRENT_TIMESTAMP,
    risklevel VARCHAR(50),
    totalvalue DECIMAL(10,2),
    growthpercentage DECIMAL(5,2),
    CONSTRAINT fk_performanceindicators_portfolios FOREIGN KEY (PortfolioID)
       REFERENCES portfolios(portfolioID)
       ON UPDATE CASCADE
       ON DELETE CASCADE
);

-- Create reports table
CREATE TABLE IF NOT EXISTS reports (
    reportID INT AUTO_INCREMENT PRIMARY KEY,
    portfolioID INT,
    generationdate DATETIME DEFAULT CURRENT_TIMESTAMP,
    reportcontent TEXT,
    reportformat VARCHAR(50),
    CONSTRAINT fk_reports_portfolios FOREIGN KEY (PortfolioID)
       REFERENCES portfolios(portfolioID)
       ON UPDATE CASCADE
       ON DELETE CASCADE
);

-- Create retirement_account table
CREATE TABLE IF NOT EXISTS retirement_account
(
   account_num INTEGER,
   userID INTEGER,
   account_type varchar(50),
   cash_balance decimal,
   contribution_limit decimal,
   total_limit decimal,
   PRIMARY KEY (account_num),
   CONSTRAINT fk_retirement_account
   FOREIGN KEY (userID) REFERENCES users(userID) ON UPDATE CASCADE ON DELETE CASCADE
);


-- Create retirement_transaction table
CREATE TABLE IF NOT EXISTS retirement_transaction
(
   timestamp DATETIME DEFAULT CURRENT_TIMESTAMP,
   transactionID INTEGER
   account_num INTEGER,
   transaction_type varchar(50),
   amount FLOAT,
   PRIMARY KEY (transactionID, account_num),
   CONSTRAINT fk_retirement_transaction
   FOREIGN KEY (account_num) REFERENCES retirement_account(account_num)
       ON UPDATE CASCADE ON DELETE CASCADE
);

-- Create Income Table
CREATE TABLE IF NOT EXISTS income(
   IncomeID INTEGER AUTO_INCREMENT PRIMARY KEY,
   Date DATETIME DEFAULT CURRENT_TIMESTAMP,
   Type VARCHAR(10),
   Amount INTEGER,
   Description VARCHAR(250)
);


-- Create Investment Transactions Table
CREATE TABLE IF NOT EXISTS investment_transaction(
   TransactionID INTEGER AUTO_INCREMENT PRIMARY KEY,
   IncomeID INTEGER,
   InvestmentID INTEGER,
   Amount INTEGER,
   Date DATETIME DEFAULT CURRENT_TIMESTAMP,
   Type VARCHAR(50),
   CONSTRAINT fk_investment_transaction1 FOREIGN KEY (InvestmentID)
       REFERENCES investments(InvestmentID)
       ON UPDATE CASCADE
       ON DELETE CASCADE,
   CONSTRAINT fk_investment_transaction2 FOREIGN KEY (IncomeID)
       REFERENCES income(IncomeID)
       ON UPDATE CASCADE
       ON DELETE CASCADE
);

# Create table for instruments
CREATE TABLE IF NOT EXISTS instruments (
   instrument_ID INTEGER,
   accountNum INTEGER,
   quotes decimal,
   type varchar(50),
   PRIMARY KEY (instrument_ID),
   CONSTRAINT fk_instruments
   FOREIGN KEY (accountNum) REFERENCES accounts(accountNum)
       ON UPDATE CASCADE ON DELETE CASCADE
);

# Create table for trades
CREATE TABLE IF NOT EXISTS trades (
   tradeID INTEGER,
   accountNum INTEGER,
   date DATE,
   number_of_shares INTEGER,
   price_per_share decimal,
   total_amount decimal,
   instrumentID INTEGER,
   buy_or_sell TINYINT(1),
   PRIMARY KEY (tradeID),
   CONSTRAINT fk_trades1
   FOREIGN KEY (accountNum) REFERENCES accounts(accountNum)
       ON UPDATE CASCADE ON DELETE CASCADE,
   CONSTRAINT fk_trades2
   FOREIGN KEY (instrumentID) REFERENCES instruments(instrument_ID)
       ON UPDATE CASCADE ON DELETE CASCADE
);

-- insert into managers
INSERT INTO managers (managerID, email, phone, name)
VALUES
(1, 'smith.j@gmail.com', '123-456-7890', 'John Smith'),
(2, 'brown.m@yahoo.com', '234-567-8901', 'Michael Brown'),
(3, 'davis.a@gmail.com', '345-678-9012', 'Amy Davis'),
(4, 'wilson.k@yahoo.com', '456-789-0123', 'Kevin Wilson'),
(5, 'martinez.l@gmail.com', '567-890-1234', 'Laura Martinez'),
(6, 'thomas.j@yahoo.com', '678-901-2345', 'James Thomas'),
(7, 'hernandez.m@gmail.com', '789-012-3456', 'Maria Hernandez'),
(8, 'moore.r@yahoo.com', '890-123-4567', 'Robert Moore'),
(9, 'miller.s@gmail.com', '901-234-5678', 'Sarah Miller'),
(10, 'gonzalez.d@yahoo.com', '012-345-6789', 'Daniel Gonzalez'),
(11, 'jackson.f@gmail.com', '123-456-7890', 'Frank Jackson'),
(12, 'white.j@yahoo.com', '234-567-8901', 'Jessica White'),
(13, 'adams.c@gmail.com', '345-678-9012', 'Christopher Adams'),
(14, 'thompson.e@yahoo.com', '456-789-0123', 'Emily Thompson'),
(15, 'robinson.h@gmail.com', '567-890-1234', 'Hannah Robinson'),
(16, 'ramirez.i@yahoo.com', '678-901-2345', 'Isabella Ramirez'),
(17, 'young.r@gmail.com', '789-012-3456', 'Ryan Young'),
(18, 'ross.t@yahoo.com', '890-123-4567', 'Tyler Ross'),
(19, 'king.m@gmail.com', '901-234-5678', 'Megan King'),
(20, 'wright.j@yahoo.com', '012-345-6789', 'Jonathan Wright'),
(21, 'lopez.n@gmail.com', '123-456-7890', 'Natalie Lopez'),
(22, 'hill.u@yahoo.com', '234-567-8901', 'Ulysses Hill'),
(23, 'scott.v@gmail.com', '345-678-9012', 'Victoria Scott'),
(24, 'lewis.w@yahoo.com', '456-789-0123', 'William Lewis'),
(25, 'lee.y@gmail.com', '567-890-1234', 'Yvonne Lee'),
(26, 'walker.j@yahoo.com', '678-901-2345', 'Jason Walker'),
(27, 'hall.k@gmail.com', '789-012-3456', 'Katherine Hall'),
(28, 'allen.l@yahoo.com', '890-123-4567', 'Lillian Allen'),
(29, 'young.j@gmail.com', '901-234-5678', 'Joseph Young'),
(30, 'adams.m@yahoo.com', '012-345-6789', 'Mia Adams'),
(31, 'ward.n@gmail.com', '123-456-7890', 'Nicholas Ward'),
(32, 'watson.o@yahoo.com', '234-567-8901', 'Olivia Watson'),
(33, 'bailey.p@gmail.com', '345-678-9012', 'Patrick Bailey'),
(34, 'gomez.q@yahoo.com', '456-789-0123', 'Quinn Gomez'),
(35, 'grant.r@gmail.com', '567-890-1234', 'Rebecca Grant'),
(36, 'graham.s@yahoo.com', '678-901-2345', 'Samuel Graham'),
(37, 'griffin.t@gmail.com', '789-012-3456', 'Tiffany Griffin'),
(38, 'sullivan.u@yahoo.com', '890-123-4567', 'Uriah Sullivan'),
(39, 'foster.v@gmail.com', '901-234-5678', 'Victoria Foster'),
(40, 'walls.w@yahoo.com', '012-345-6789', 'Wendy Walls'),
(41, 'walton.x@gmail.com', '123-456-7890', 'Xavier Walton'),
(42, 'castillo.y@yahoo.com', '234-567-8901', 'Yolanda Castillo'),
(43, 'todd.z@gmail.com', '345-678-9012', 'Zachary Todd'),
(44, 'schmidt.a@yahoo.com', '456-789-0123', 'Amanda Schmidt'),
(45, 'clarke.b@gmail.com', '567-890-1234', 'Brandon Clarke'),
(46, 'robertson.c@yahoo.com', '678-901-2345', 'Caroline Robertson'),
(47, 'gonzales.d@gmail.com', '789-012-3456', 'David Gonzales'),
(48, 'sullivan.e@yahoo.com', '890-123-4567', 'Elizabeth Sullivan'),
(49, 'stevens.f@gmail.com', '901-234-5678', 'Fiona Stevens'),
(50, 'jenkins.g@yahoo.com', '012-345-6789', 'Gregory Jenkins');


-- Insert sample data into users table
INSERT INTO users (managerID, firstname, lastname, occupation, email) VALUES
(NULL, 'John', 'Doe', 'Software Engineer', 'john.doe@example.com'),
(2, 'Jane', 'Smith', 'Data Scientist', 'jane.smith@example.com'),
(NULL, 'Michael', 'Johnson', 'Project Manager', 'michael.johnson@example.com'),
(4, 'Emily', 'Brown', 'Business Analyst', 'emily.brown@example.com'),
(NULL, 'David', 'Martinez', 'Marketing Manager', 'david.martinez@example.com'),
(6, 'Sarah', 'Wilson', 'Graphic Designer', 'sarah.wilson@example.com'),
(NULL, 'Christopher', 'Taylor', 'Financial Analyst', 'christopher.taylor@example.com'),
(8, 'Ashley', 'Anderson', 'HR Coordinator', 'ashley.anderson@example.com'),
(NULL, 'James', 'Thomas', 'Sales Manager', 'james.thomas@example.com'),
(10, 'Jessica', 'Harris', 'Customer Support Specialist', 'jessica.harris@example.com'),
(NULL, 'Daniel', 'Walker', 'Software Developer', 'daniel.walker@example.com'),
(12, 'Amanda', 'Young', 'UX Designer', 'amanda.young@example.com'),
(NULL, 'Matthew', 'White', 'Product Manager', 'matthew.white@example.com'),
(14, 'Olivia', 'Allen', 'Market Research Analyst', 'olivia.allen@example.com'),
(NULL, 'Andrew', 'King', 'Operations Manager', 'andrew.king@example.com'),
(16, 'Emma', 'Wright', 'Quality Assurance Tester', 'emma.wright@example.com'),
(NULL, 'Ryan', 'Lopez', 'Accountant', 'ryan.lopez@example.com'),
(18, 'Megan', 'Green', 'Financial Planner', 'megan.green@example.com'),
(NULL, 'Brandon', 'Hill', 'Business Development Manager', 'brandon.hill@example.com'),
(20, 'Lauren', 'Baker', 'Sales Representative', 'lauren.baker@example.com'),
(NULL, 'Justin', 'Adams', 'Project Coordinator', 'justin.adams@example.com'),
(22, 'Kayla', 'Perez', 'Social Media Manager', 'kayla.perez@example.com'),
(NULL, 'Joshua', 'Nelson', 'Data Analyst', 'joshua.nelson@example.com'),
(24, 'Sophia', 'King', 'Content Writer', 'sophia.king@example.com'),
(NULL, 'William', 'Scott', 'IT Manager', 'william.scott@example.com'),
(26, 'Madison', 'Rivera', 'Technical Support Specialist', 'madison.rivera@example.com'),
(NULL, 'Jonathan', 'Ross', 'Marketing Coordinator', 'jonathan.ross@example.com'),
(28, 'Alyssa', 'Long', 'Event Planner', 'alyssa.long@example.com'),
(NULL, 'Tyler', 'Evans', 'Research Analyst', 'tyler.evans@example.com'),
(30, 'Grace', 'Hughes', 'PR Specialist', 'grace.hughes@example.com'),
(NULL, 'Zachary', 'Morris', 'Web Developer', 'zachary.morris@example.com'),
(32, 'Taylor', 'Flores', 'Brand Manager', 'taylor.flores@example.com'),
(NULL, 'Joseph', 'Gonzalez', 'Financial Advisor', 'joseph.gonzalez@example.com'),
(34, 'Chloe', 'Russell', 'Customer Success Manager', 'chloe.russell@example.com'),
(NULL, 'David', 'Diaz', 'Marketing Director', 'david.diaz@example.com'),
(36, 'Ella', 'Griffin', 'UI Designer', 'ella.griffin@example.com'),
(NULL, 'James', 'Nguyen', 'Business Analyst', 'james.nguyen@example.com'),
(38, 'Samantha', 'Hamilton', 'HR Manager', 'samantha.hamilton@example.com'),
(NULL, 'Benjamin', 'Carter', 'Product Designer', 'benjamin.carter@example.com'),
(40, 'Victoria', 'Reed', 'Operations Coordinator', 'victoria.reed@example.com'),
(NULL, 'Christopher', 'Lee', 'Sales Analyst', 'christopher.lee@example.com'),
(42, 'Natalie', 'Davis', 'Marketing Specialist', 'natalie.davis@example.com'),
(NULL, 'Daniel', 'Garcia', 'Software Engineer', 'daniel.garcia@example.com'),
(44, 'Lauren', 'Clark', 'Business Specialist', 'lauren.clark@example.com'),
(NULL, 'Anthony', 'Rodriguez', 'Project Manager', 'anthony.rodriguez@example.com'),
(46, 'Emily', 'Parker', 'Financial Analyst', 'emily.parker@example.com'),
(NULL, 'Michael', 'Stewart', 'HR Coordinator', 'michael.stewart@example.com'),
(48, 'Sophia', 'Roberts', 'Customer Service Manager', 'sophia.roberts@example.com'),
(NULL, 'David', 'Miller', 'Product Manager', 'david.miller@example.com'),
(50, 'Isabella', 'Bell', 'Graphic Designer', 'isabella.bell@example.com');


-- Insert sample data into marketdata table with real finance sources
INSERT INTO marketdata (assetID, currentprice, highprice, lowprice, datasource) VALUES
(1, 100.23, 105.67, 95.12, 'Bloomberg'),
(2, 50.76, 55.21, 48.90, 'Reuters'),
(3, 75.32, 80.45, 70.12, 'Yahoo Finance'),
(4, 120.45, 125.90, 115.67, 'CNBC'),
(5, 30.89, 35.21, 28.45, 'MarketWatch'),
(6, 95.67, 100.34, 90.56, 'Financial Times'),
(7, 80.12, 85.45, 75.90, 'Investopedia'),
(8, 42.34, 48.90, 38.21, 'Morningstar'),
(9, 60.78, 65.32, 55.67, 'The Wall Street Journal'),
(10, 110.56, 115.67, 105.12, 'Forbes'),
(11, 55.67, 60.12, 50.78, 'Barrons'),
(12, 85.90, 90.12, 80.45, 'Financial Post'),
(13, 130.21, 135.67, 125.34, 'Investors Business Daily'),
(14, 38.90, 42.56, 35.67, 'Business Insider'),
(15, 70.45, 75.90, 65.78, 'The Economist'),
(16, 105.78, 110.23, 100.56, 'Wall Street Journal'),
(17, 45.67, 50.12, 40.34, 'CNBC'),
(18, 65.90, 70.45, 60.89, 'Bloomberg'),
(19, 115.12, 120.67, 110.78, 'Financial Times'),
(20, 48.45, 52.67, 45.12, 'MarketWatch'),
(21, 75.23, 80.12, 70.56, 'Yahoo Finance'),
(22, 95.67, 100.34, 90.56, 'Reuters'),
(23, 52.34, 57.90, 50.12, 'Morningstar'),
(24, 80.78, 85.90, 75.67, 'Forbes'),
(25, 120.89, 125.34, 115.67, 'Barrons'),
(26, 35.67, 40.12, 30.78, 'Investors Business Daily'),
(27, 60.12, 65.45, 55.89, 'Business Insider'),
(28, 110.45, 115.90, 105.34, 'The Wall Street Journal'),
(29, 42.90, 48.34, 40.67, 'Financial Post'),
(30, 70.56, 75.78, 65.23, 'Investopedia'),
(31, 100.78, 105.23, 95.67, 'CNBC'),
(32, 48.90, 52.34, 45.67, 'MarketWatch'),
(33, 75.45, 80.23, 70.90, 'Yahoo Finance'),
(34, 90.12, 95.34, 85.67, 'Reuters'),
(35, 32.67, 38.21, 30.12, 'Bloomberg'),
(36, 55.78, 60.23, 50.67, 'Financial Times'),
(37, 105.12, 110.56, 100.89, 'Forbes'),
(38, 50.34, 55.67, 48.90, 'Barrons'),
(39, 80.45, 85.90, 75.12, 'Investors Business Daily'),
(40, 115.67, 120.45, 110.23, 'Business Insider'),
(41, 38.21, 42.67, 35.78, 'The Economist'),
(42, 65.56, 70.23, 60.90, 'Wall Street Journal'),
(43, 95.12, 100.56, 90.78, 'CNBC'),
(44, 45.90, 50.45, 40.67, 'Bloomberg'),
(45, 72.34, 78.90, 70.56, 'Reuters'),
(46, 110.23, 115.67, 105.34, 'Yahoo Finance'),
(47, 55.67, 60.12, 50.78, 'MarketWatch'),
(48, 85.90, 90.45, 80.67, 'Financial Times'),
(49, 125.34, 130.78, 120.23, 'Investopedia'),
(50, 40.67, 45.12, 38.56, 'The Wall Street Journal');


-- Insert sample data into historicaldata table with unique timestamps and 10 assets
INSERT INTO historicaldata (assetID, datechanged, price) VALUES
(1, '2024-04-01 09:00:00', 100.23),
(1, '2024-04-01 10:00:00', 102.45),
(1, '2024-04-01 11:00:00', 105.67),
(1, '2024-04-02 09:00:00', 100.76),
(1, '2024-04-02 10:00:00', 98.12),
(1, '2024-04-02 11:00:00', 97.21),
(1, '2024-04-03 09:00:00', 98.32),
(1, '2024-04-03 10:00:00', 100.90),
(1, '2024-04-03 11:00:00', 101.45),
(2, '2024-04-01 09:00:00', 50.76),
(2, '2024-04-01 10:00:00', 52.12),
(2, '2024-04-01 11:00:00', 55.21),
(2, '2024-04-02 09:00:00', 53.32),
(2, '2024-04-02 10:00:00', 54.90),
(2, '2024-04-02 11:00:00', 56.45),
(2, '2024-04-03 09:00:00', 55.45),
(2, '2024-04-03 10:00:00', 54.90),
(2, '2024-04-03 11:00:00', 56.45),
(3, '2024-04-01 09:00:00', 75.32),
(3, '2024-04-01 10:00:00', 78.90),
(3, '2024-04-01 11:00:00', 80.45),
(3, '2024-04-02 09:00:00', 78.32),
(3, '2024-04-02 10:00:00', 80.90),
(3, '2024-04-02 11:00:00', 81.45),
(3, '2024-04-03 09:00:00', 80.45),
(3, '2024-04-03 10:00:00', 81.90),
(3, '2024-04-03 11:00:00', 83.45),
(4, '2024-04-01 09:00:00', 120.45),
(4, '2024-04-01 10:00:00', 123.67),
(4, '2024-04-01 11:00:00', 125.90),
(4, '2024-04-02 09:00:00', 121.32),
(4, '2024-04-02 10:00:00', 124.90),
(4, '2024-04-02 11:00:00', 126.45),
(4, '2024-04-03 09:00:00', 125.45),
(4, '2024-04-03 10:00:00', 124.90),
(4, '2024-04-03 11:00:00', 126.45),
(5, '2024-04-01 09:00:00', 130.23),
(5, '2024-04-01 10:00:00', 132.45),
(5, '2024-04-01 11:00:00', 135.67),
(5, '2024-04-02 09:00:00', 130.76),
(5, '2024-04-02 10:00:00', 128.12),
(5, '2024-04-02 11:00:00', 127.21),
(5, '2024-04-03 09:00:00', 128.32),
(5, '2024-04-03 10:00:00', 130.90),
(5, '2024-04-03 11:00:00', 131.45),
(6, '2024-04-01 09:00:00', 95.76),
(6, '2024-04-01 10:00:00', 97.12),
(6, '2024-04-01 11:00:00', 100.21),
(6, '2024-04-02 09:00:00', 98.32),
(6, '2024-04-02 10:00:00', 99.90),
(6, '2024-04-02 11:00:00', 101.45),
(6, '2024-04-03 09:00:00', 99.45),
(6, '2024-04-03 10:00:00', 98.90),
(6, '2024-04-03 11:00:00', 101.45),
(7, '2024-04-01 09:00:00', 80.32),
(7, '2024-04-01 10:00:00', 82.90),
(7, '2024-04-01 11:00:00', 85.45),
(7, '2024-04-02 09:00:00', 82.32),
(7, '2024-04-02 10:00:00', 85.90);

-- Insert sample data into userviewhistory table
INSERT INTO userviewhistory (assetID, userID) VALUES
(1, 1),
(1, 2),
(1, 3),
(1, 4),
(1, 5),
(2, 1),
(2, 3),
(2, 5),
(3, 2),
(3, 4),
(4, 1),
(4, 2),
(4, 3),
(4, 4),
(5, 1),
(5, 2),
(6, 3),
(6, 5),
(7, 1),
(7, 4),
(8, 2),
(8, 5),
(9, 1),
(9, 3),
(9, 4),
(9, 5),
(10, 1),
(10, 2),
(10, 3),
(10, 4),
(11, 2),
(11, 3),
(11, 5),
(12, 1),
(12, 4),
(13, 2),
(13, 3),
(13, 5),
(14, 1),
(14, 2),
(14, 3),
(14, 5),
(15, 4),
(15, 5),
(16, 1),
(16, 3),
(16, 4),
(16, 5),
(17, 2),
(17, 3),
(17, 4),
(18, 1),
(18, 2),
(18, 5),
(19, 1),
(19, 3),
(19, 4),
(19, 5),
(20, 1),
(20, 2),
(20, 4),
(21, 3),
(21, 4),
(21, 5),
(22, 1),
(22, 2),
(22, 3),
(22, 5),
(23, 1),
(23, 2),
(23, 4),
(24, 1),
(24, 3),
(24, 4),
(24, 5),
(25, 2),
(25, 3),
(25, 5),
(26, 1),
(26, 2),
(26, 4),
(27, 1),
(27, 2),
(27, 3),
(27, 5),
(28, 1),
(28, 3),
(28, 5),
(29, 2),
(29, 4),
(30, 1),
(30, 2),
(30, 3),
(30, 4),
(31, 1),
(31, 2),
(31, 5),
(32, 3),
(32, 4),
(32, 5),
(33, 1),
(33, 2),
(33, 3),
(33, 5),
(34, 1),
(34, 4),
(35, 2),
(35, 3),
(35, 4),
(36, 1),
(36, 2),
(36, 3),
(36, 4),
(37, 1),
(37, 2),
(37, 3),
(37, 5),
(38, 1),
(38, 2),
(38, 3),
(38, 4),
(39, 2),
(39, 3),
(39, 5),
(40, 1),
(40, 3),
(40, 4),
(41, 1),
(41, 2),
(41, 4),
(42, 1),
(42, 2),
(42, 3),
(42, 5),
(43, 2),
(43, 3),
(43, 4),
(43, 5),
(44, 1),
(44, 3),
(44, 4),
(44, 5),
(45, 1),
(45, 2),
(45, 3),
(45, 5),
(46, 2),
(46, 4),
(47, 1),
(47, 2),
(47, 3),
(47, 4),
(48, 1),
(48, 2),
(48, 5),
(49, 1),
(49, 3),
(49, 4),
(49, 5),
(50, 2),
(50, 3),
(50, 4),
(50, 5),
(1, 6),
(1, 7),
(1, 8),
(1, 9),
(1, 10),
(2, 6),
(2, 7),
(2, 8),
(2, 9),
(2, 10),
(3, 6),
(3, 7),
(3, 8),
(3, 9),
(3, 10),
(4, 6),
(4, 7),
(4, 8),
(4, 9),
(4, 10),
(5, 6),
(5, 7),
(5, 8),
(5, 9),
(5, 10),
(6, 6),
(6, 7),
(6, 8),
(6, 9),
(6, 10),
(7, 6),
(7, 7),
(7, 8),
(7, 9),
(7, 10),
(8, 6),
(8, 7),
(8, 8),
(8, 9),
(8, 10);

-- insert into accounts
INSERT INTO accounts (accountNum, userID, cashbalance, investmentvalue, totalvalue)
VALUES
(1, 1, 10000.50, 25000.75, 35001.25),
(2, 2, 75000.25, 30000.50, 105000.75),
(3, 3, -5000.75, 20000.00, 15000.25),
(4, 4, 80000.00, 5000.25, 85000.25),
(5, 5, 150000.75, -10000.50, 140000.25),
(6, 6, 30000.50, 40000.25, 70000.75),
(7, 7, 25000.25, 100000.50, 125000.75),
(8, 8, 5000.00, -500.25, 4500.75),
(9, 9, -2000.25, 75000.00, 72999.75),
(10, 10, 40000.75, 60000.50, 100001.25),
(11, 11, 20000.50, 45000.25, 65000.75),
(12, 12, 55000.25, -2000.50, 52999.75),
(13, 13, 300000.00, 200000.50, 500000.50),
(14, 14, -1000.75, 3000.00, 2000.25),
(15, 15, 85000.25, 9000.50, 94000.75),
(16, 16, 60000.50, 20000.25, 80000.75),
(17, 17, 0.25, 15000.50, 15000.75),
(18, 18, 500000.00, -20000.25, 480000.75),
(19, 19, -2500.50, 10000.25, 7500.75),
(20, 20, 35000.75, 15000.50, 50000.25),
(21, 21, 45000.50, -500.25, 44500.25),
(22, 22, 20000.25, 80000.00, 100000.25),
(23, 23, 70000.00, 30000.50, 100000.50),
(24, 24, -1500.75, 5000.25, 3499.50),
(25, 25, 100000.50, 75000.25, 175000.75),
(26, 26, 55000.25, 4000.50, 59000.75),
(27, 27, 125000.00, 60000.25, 185000.25),
(28, 28, -750.25, 2000.50, 1250.25),
(29, 29, 30000.50, 15000.25, 45000.75),
(30, 30, 5000.25, 10000.00, 15000.25),
(31, 31, 80000.00, 25000.50, 105000.50),
(32, 32, 95000.50, 45000.25, 140000.75),
(33, 33, -100.25, 500.50, 400.25),
(34, 34, 200000.75, 80000.50, 280001.25),
(35, 35, 45000.50, -5000.25, 39999.25),
(36, 36, 60000.25, 20000.00, 80000.25),
(37, 37, 1000.50, 3000.25, 4000.75),
(38, 38, 70000.75, 40000.50, 110001.25),
(39, 39, 80000.50, 15000.25, 95000.75),
(40, 40, -500.25, 1000.50, 500.25),
(41, 41, 30000.25, 25000.00, 55000.25),
(42, 42, 45000.00, 80000.50, 125000.50),
(43, 43, 15000.50, -1000.25, 14000.25),
(44, 44, 75000.25, 5000.50, 80000.75),
(45, 45, 50000.50, 15000.25, 65000.75),
(46, 46, -200.75, 2000.50, 1799.75),
(47, 47, 100000.00, 45000.25, 145000.25),
(48, 48, 85000.25, -500.50, 84499.75),
(49, 49, 20000.50, 10000.25, 30000.75),
(50, 50, 30000.25, 40000.00, 70000.25);


INSERT INTO investments (risklevel, currency, currentvalue, liquidityratio, purchasedate, investmenttype, purchaseprice) VALUES
('High', 'USD', 25000.00, 'Liquid', '2022-01-10 09:30:00', 'Stock', 24500.00),
('Medium', 'EUR', 17500.00, 'Moderate', '2022-02-15 10:00:00', 'Bond', 17000.00),
('Low', 'USD', 15000.00, 'High', '2022-03-20 11:00:00', 'Mutual Fund', 14800.00),
('Medium', 'USD', 22000.00, 'Low', '2022-04-25 12:00:00', 'ETF', 21000.00),
('High', 'EUR', 33000.00, 'Liquid', '2022-05-30 13:00:00', 'Stock', 32000.00),
('Low', 'USD', 12000.00, 'Moderate', '2022-06-05 14:00:00', 'Bond', 11500.00),
('Medium', 'JPY', 19000.00, 'High', '2022-07-15 15:00:00', 'Mutual Fund', 18500.00),
('High', 'USD', 21000.00, 'Low', '2022-08-20 16:00:00', 'ETF', 20000.00),
('Low', 'EUR', 16000.00, 'Liquid', '2022-09-25 17:00:00', 'Stock', 15500.00),
('Medium', 'USD', 23000.00, 'Moderate', '2022-10-30 18:00:00', 'Bond', 22500.00),
('High', 'JPY', 25000.00, 'High', '2022-11-10 19:00:00', 'Mutual Fund', 24500.00),
('Low', 'USD', 14000.00, 'Low', '2022-12-15 20:00:00', 'ETF', 13800.00),
('Medium', 'EUR', 16500.00, 'Liquid', '2023-01-20 09:05:00', 'Stock', 16000.00),
('High', 'USD', 27500.00, 'Moderate', '2023-02-25 10:10:00', 'Bond', 27000.00),
('Low', 'JPY', 15500.00, 'High', '2023-03-02 11:15:00', 'Mutual Fund', 15000.00),
('Medium', 'USD', 20000.00, 'Low', '2023-04-08 12:20:00', 'ETF', 19500.00),
('High', 'EUR', 24500.00, 'Liquid', '2023-05-14 13:25:00', 'Stock', 24000.00),
('Low', 'USD', 13000.00, 'Moderate', '2023-06-19 14:30:00', 'Bond', 12500.00),
('Medium', 'JPY', 18000.00, 'High', '2023-07-25 15:35:00', 'Mutual Fund', 17500.00),
('High', 'USD', 29500.00, 'Low', '2023-08-30 16:40:00', 'ETF', 29000.00),
('Low', 'EUR', 11000.00, 'Liquid', '2023-09-04 17:45:00', 'Stock', 10500.00),
('Medium', 'USD', 24000.00, 'Moderate', '2023-10-10 18:50:00', 'Bond', 23500.00),
('High', 'JPY', 26000.00, 'High', '2023-11-15 19:55:00', 'Mutual Fund', 25500.00),
('Low', 'USD', 10000.00, 'Low', '2023-12-21 21:00:00', 'ETF', 9500.00),
('Medium', 'EUR', 19000.00, 'Liquid', '2024-01-26 08:05:00', 'Stock', 18500.00),
('High', 'USD', 31000.00, 'Moderate', '2024-02-01 09:10:00', 'Bond', 30500.00),
('Low', 'JPY', 17000.00, 'High', '2024-03-09 10:15:00', 'Mutual Fund', 16500.00),
('Medium', 'USD', 22500.00, 'Low', '2024-04-14 11:20:00', 'ETF', 22000.00),
('High', 'EUR', 20000.00, 'Liquid', '2024-05-19 12:25:00', 'Stock', 19500.00),
('Low', 'USD', 18000.00, 'Moderate', '2024-06-24 13:30:00', 'Bond', 17500.00),
( 'Medium', 'JPY', 19000.00, 'High', '2024-07-29 14:35:00', 'Mutual Fund', 18500.00),
('High', 'USD', 21000.00, 'Low', '2024-09-03 15:40:00', 'ETF', 20500.00),
('Low', 'EUR', 16000.00, 'Liquid', '2024-10-09 16:45:00', 'Stock', 15500.00),
('Medium', 'USD', 23000.00, 'Moderate', '2024-11-14 17:50:00', 'Bond', 22500.00),
('High', 'JPY', 25000.00, 'High', '2024-12-20 18:55:00', 'Mutual Fund', 24500.00),
('Low', 'USD', 14000.00, 'Low', '2025-01-25 20:00:00', 'ETF', 13800.00),
('Medium', 'EUR', 16500.00, 'Liquid', '2025-03-02 08:05:00', 'Stock', 16000.00),
('High', 'USD', 27500.00, 'Moderate', '2025-04-07 09:10:00', 'Bond', 27000.00),
('Low', 'JPY', 15500.00, 'High', '2025-05-13 10:15:00', 'Mutual Fund', 15000.00),
('Medium', 'USD', 20000.00, 'Low', '2025-06-18 11:20:00', 'ETF', 19500.00),
('High', 'EUR', 24500.00, 'Liquid', '2025-07-24 12:25:00', 'Stock', 24000.00),
('Low', 'USD', 13000.00, 'Moderate', '2025-08-29 13:30:00', 'Bond', 12500.00),
('Medium', 'JPY', 18000.00, 'High', '2025-10-03 14:35:00', 'Mutual Fund', 17500.00),
('High', 'USD', 29500.00, 'Low', '2025-11-08 15:40:00', 'ETF', 29000.00),
('Low', 'EUR', 11000.00, 'Liquid', '2025-12-14 16:45:00', 'Stock', 10500.00),
('Medium', 'USD', 24000.00, 'Moderate', '2026-01-19 17:50:00', 'Bond', 23500.00),
('High', 'JPY', 26000.00, 'High', '2026-02-23 18:55:00', 'Mutual Fund', 25500.00),
('Low', 'USD', 10000.00, 'Low', '2026-04-01 20:00:00', 'ETF', 9500.00),
('Medium', 'EUR', 19000.00, 'Liquid', '2026-05-07 08:05:00', 'Stock', 18500.00);

INSERT INTO portfolios (investmentID, userID, portfolioType, creationdate) VALUES
(1, 10, 'Aggressive', '2023-01-12 08:15:20'),
(2, 20, 'Conservative', '2023-01-15 09:25:15'),
(3, 30, 'Balanced', '2023-01-18 16:45:10'),
(4, 40, 'Income', '2023-01-20 14:20:55'),
(5, 43, 'Growth', '2023-01-22 17:30:00'),
(6, 1, 'Speculative', '2023-01-25 13:15:25'),
(7, 11, 'Hybrid', '2023-01-28 18:05:45'),
(8, 21, 'Tax Planning', '2023-02-02 10:22:30'),
(9, 31, 'Retirement', '2023-02-05 12:10:10'),
(10, 41, 'Education', '2023-02-10 09:35:50'),
(11, 2, 'Estate', '2023-02-15 08:20:40'),
(12, 12, 'Long-term', '2023-02-18 11:25:35'),
(13, 22, 'Short-term', '2023-02-21 14:40:00'),
(14, 32, 'Venture', '2023-02-25 16:55:25'),
(15, 42, 'Value', '2023-02-28 19:15:30'),
(16, 3, 'High-risk', '2023-03-05 20:20:45'),
(17, 13, 'Low-risk', '2023-03-10 21:30:55'),
(18, 23, 'Moderate-risk', '2023-03-15 22:40:35'),
(19, 33, 'Income Generating', '2023-03-18 23:50:45'),
(20, 43, 'Capital Preservation', '2023-03-21 20:05:50'),
(21, 4, 'Capital Growth', '2023-03-25 18:30:00'),
(22, 14, 'Defensive', '2023-03-28 16:45:15'),
(23, 24, 'Offensive', '2023-04-01 15:00:25'),
(24, 34, 'Dynamic', '2023-04-05 13:15:35'),
(25, 44, 'Passive', '2023-04-08 11:30:00'),
(26, 5, 'Active', '2023-04-11 09:45:10'),
(27, 15, 'Stable', '2023-04-14 08:00:20'),
(28, 25, 'Pension', '2023-04-17 06:15:30'),
(29, 35, 'Annuity', '2023-04-20 04:30:40'),
(30, 45, 'Index', '2023-04-23 02:45:50'),
(31, 6, 'Mutual Fund', '2023-04-26 01:00:00'),
(32, 16, 'Trust', '2023-04-29 23:15:10'),
(33, 26, 'Hedge Fund', '2023-05-02 21:30:20'),
(34, 36, 'Exchange Traded Fund', '2023-05-05 19:45:30'),
(35, 46, 'Government Bond', '2023-05-08 18:00:40'),
(36, 7, 'Corporate Bond', '2023-05-11 16:15:50'),
(37, 17, 'Private Equity', '2023-05-14 14:30:00'),
(38, 27, 'Commodities', '2023-05-17 12:45:10'),
(39, 37, 'Real Estate', '2023-05-20 11:00:20'),
(40, 47, 'Cryptocurrency', '2023-05-23 09:15:30'),
(41, 8, 'Derivative', '2023-05-26 07:30:40'),
(42, 18, 'Structured Product', '2023-05-29 05:45:50'),
(43, 28, 'Volatility', '2023-06-01 04:00:00'),
(44, 38, 'Quant', '2023-06-04 02:15:10'),
(45, 48, 'Fund of Funds', '2023-06-07 00:30:20'),
(46, 9, 'Mixed Asset', '2023-06-09 22:45:30'),
(47, 19, 'Permanent', '2023-06-12 21:00:40'),
(48, 29, 'Filtered', '2023-06-15 19:15:50'),
(49, 39, 'Target Date Fund', '2023-06-18 17:30:00');

INSERT INTO performance_indicators (portfolioID, datemeasured, risklevel, totalvalue, growthpercentage) VALUES
(1, '2022-03-15 12:00:00', 'High', 10500.25, 5.25),
(2, '2022-06-18 14:30:00', 'Medium', 22000.47, 2.85),
(3, '2022-09-21 16:00:00', 'Low', 13500.55, 1.75),
(4, '2022-02-12 11:15:00', 'High', 19000.10, 3.50),
(5, '2022-08-13 10:05:00', 'Medium', 21000.00, 4.10),
(6, '2022-01-19 09:20:00', 'Low', 15000.40, 0.95),
(7, '2022-07-16 13:45:00', 'High', 25000.65, 5.60),
(8, '2022-11-22 17:30:00', 'Medium', 17500.75, 3.20),
(9, '2022-05-18 15:00:00', 'Low', 13000.00, 1.20),
(10, '2022-10-23 14:10:00', 'High', 23000.85, 4.00),
(11, '2022-04-27 16:45:00', 'Medium', 24500.30, 2.30),
(12, '2022-03-28 17:55:00', 'Low', 11000.50, 0.50),
(13, '2022-02-15 12:30:00', 'High', 19500.65, 3.90),
(14, '2022-06-14 11:00:00', 'Medium', 22000.00, 3.30),
(15, '2022-09-17 16:30:00', 'Low', 13000.95, 1.45),
(16, '2022-01-20 14:20:00', 'High', 25000.00, 5.15),
(17, '2022-07-21 13:10:00', 'Medium', 17000.85, 2.75),
(18, '2022-12-22 15:40:00', 'Low', 14000.55, 1.00),
(19, '2022-05-23 10:30:00', 'High', 20000.35, 3.65),
(20, '2022-11-19 09:50:00', 'Medium', 21500.10, 3.15),
(21, '2022-04-25 17:20:00', 'Low', 15500.65, 0.85),
(22, '2022-03-30 12:25:00', 'High', 24500.75, 5.00),
(23, '2022-08-28 16:15:00', 'Medium', 22500.45, 3.45),
(24, '2022-02-19 15:35:00', 'Low', 13500.20, 1.25),
(25, '2022-07-15 11:05:00', 'High', 25000.55, 4.75),
(26, '2022-12-17 10:45:00', 'Medium', 17500.95, 2.50),
(27, '2022-05-16 14:55:00', 'Low', 14500.00, 1.05),
(28, '2022-10-18 13:30:00', 'High', 23500.40, 4.30),
(29, '2022-04-14 12:40:00', 'Medium', 24000.60, 3.25),
(30, '2022-09-19 16:50:00', 'Low', 11500.30, 0.75),
(31, '2022-01-24 15:10:00', 'High', 19500.70, 5.20),
(32, '2022-06-26 11:35:00', 'Medium', 21000.20, 3.05),
(33, '2022-11-29 17:05:00', 'Low', 15500.85, 1.15),
(34, '2022-03-31 09:55:00', 'High', 25000.95, 4.95),
(35, '2022-08-30 14:25:00', 'Medium', 17500.10, 2.85),
(36, '2022-05-21 10:15:00', 'Low', 14500.45, 1.30),
(37, '2022-10-22 16:20:00', 'High', 23500.75, 4.60),
(38, '2022-04-23 15:50:00', 'Medium', 22500.55, 3.40),
(39, '2022-02-18 11:20:00', 'Low', 12000.00, 0.80),
(40, '2022-07-20 13:45:00', 'High', 24500.65, 5.30),
(41, '2022-12-24 10:00:00', 'Medium', 20500.35, 3.10),
(42, '2022-03-29 14:10:00', 'Low', 16000.50, 1.35),
(43, '2022-08-15 09:30:00', 'High', 24000.85, 5.10),
(44, '2022-01-27 17:45:00', 'Medium', 18000.20, 2.60),
(45, '2022-06-13 12:05:00', 'Low', 13500.75, 0.95),
(46, '2022-11-16 14:30:00', 'High', 23000.40, 4.85),
(47, '2022-05-12 11:15:00', 'Medium', 21500.60, 3.35),
(48, '2022-10-14 16:00:00', 'Low', 12500.25, 1.10),
(49, '2022-04-19 15:35:00', 'High', 20000.90, 5.50),
(1, '2022-09-23 10:20:00', 'Medium', 19000.00, 2.75),
(2, '2022-01-17 13:30:00', 'Low', 16000.35, 0.60),
(3, '2022-07-18 14:55:00', 'High', 25500.50, 5.35),
(4, '2022-06-15 11:25:00', 'Medium', 21000.75, 3.20),
(5, '2022-11-20 17:00:00', 'Low', 14500.10, 1.40),
(6, '2022-03-20 12:30:00', 'High', 19500.80, 4.90),
(7, '2022-08-22 10:50:00', 'Medium', 17500.95, 2.95),
(8, '2022-05-25 15:20:00', 'Low', 15500.55, 1.05),
(9, '2022-10-19 14:15:00', 'High', 24500.25, 4.35),
(10, '2022-04-21 13:40:00', 'Medium', 23500.65, 3.00),
(11, '2022-01-28 16:45:00', 'Low', 12500.30, 0.85),
(12, '2022-07-24 10:30:00', 'High', 25000.55, 5.25),
(13, '2022-06-28 11:50:00', 'Medium', 20500.75, 2.80),
(14, '2022-11-25 15:55:00', 'Low', 14500.00, 1.20),
(15, '2022-03-27 09:45:00', 'High', 19000.20, 4.75),
(16, '2022-08-27 14:00:00', 'Medium', 22500.40, 3.50),
(17, '2022-05-29 13:10:00', 'Low', 11000.65, 0.70),
(18, '2022-10-25 12:35:00', 'High', 23500.90, 4.20),
(19, '2022-04-26 11:00:00', 'Medium', 24000.55, 3.15),
(20, '2022-01-30 10:15:00', 'Low', 13500.20, 1.00),
(21, '2022-07-31 15:30:00', 'High', 25500.00, 5.45);


INSERT INTO reports (portfolioID, generationdate, reportcontent, reportformat) VALUES
(1, '2022-03-15 12:30:00', 'Annual financial performance overview with detailed analysis.', 'PDF'),
(2, '2022-06-18 13:45:00', 'Semi-annual portfolio review with growth projections.', 'PDF'),
(3, '2022-09-21 14:50:00', 'Quarterly investment insights and adjustments.', 'HTML'),
(4, '2022-02-12 15:55:00', 'Monthly market performance snapshot.', 'PDF'),
(5, '2022-08-13 16:00:00', 'Detailed analysis of asset allocations and their returns.', 'HTML'),
(6, '2022-01-19 17:05:00', 'Bi-annual comprehensive review of all investments.', 'PDF'),
(7, '2022-07-16 18:10:00', 'Year-end tax planning and investment strategy report.', 'HTML'),
(8, '2022-11-22 19:15:00', 'Mid-year financial check-up and future outlook.', 'PDF'),
(9, '2022-05-18 20:20:00', 'Quarterly portfolio rebalancing report with sector performance.', 'HTML'),
(10, '2022-10-23 21:25:00', 'Investment strategy and risk management review.', 'PDF'),
(11, '2022-04-27 22:30:00', 'Portfolio performance evaluation and improvement plan.', 'HTML'),
(12, '2022-03-28 23:35:00', 'In-depth analysis of investment losses and corrective strategies.', 'PDF'),
(13, '2022-02-15 10:40:00', 'Comprehensive year-start investment planning.', 'HTML'),
(14, '2022-06-14 11:45:00', 'Mid-quarter investment performance snapshot.', 'PDF'),
(15, '2022-09-17 12:50:00', 'Detailed report on asset growth and investment opportunities.', 'HTML'),
(16, '2022-01-20 13:55:00', 'End of year investment summary and tax implications.', 'PDF'),
(17, '2022-07-21 14:00:00', 'Half-year market trend analysis and portfolio adjustments.', 'HTML'),
(18, '2022-12-22 15:05:00', 'Third quarter investment performance and forecasts.', 'PDF'),
(19, '2022-05-23 16:10:00', 'Risk assessment report with strategic recommendations.', 'HTML'),
(20, '2022-11-19 17:15:00', 'Annual portfolio performance review and future strategies.', 'PDF'),
(21, '2022-04-25 18:20:00', 'Quarterly market analysis and investment performance.', 'HTML'),
(22, '2022-03-30 19:25:00', 'Semi-annual report on portfolio valuation and asset management.', 'PDF'),
(23, '2022-08-28 20:30:00', 'Monthly investment report with updated financial data.', 'HTML'),
(24, '2022-02-19 21:35:00', 'Comprehensive analysis of yearly financial outcomes.', 'PDF'),
(25, '2022-07-15 22:40:00', 'Investment diversification report and performance metrics.', 'HTML'),
(26, '2022-12-17 23:45:00', 'End of month financial summary and investment advice.', 'PDF'),
(27, '2022-05-16 08:50:00', 'Investment strategy report with emphasis on market trends.', 'HTML'),
(28, '2022-10-18 09:55:00', 'Detailed quarterly financial planning and analysis report.', 'PDF'),
(29, '2022-04-14 10:00:00', 'Annual market performance review and strategic insights.', 'HTML'),
(30, '2022-09-19 11:05:00', 'Mid-year financial review and investment health report.', 'PDF'),
(31, '2022-01-24 12:10:00', 'Monthly performance review and rebalancing advice.', 'HTML'),
(32, '2022-06-26 13:15:00', 'Comprehensive risk and return analysis report.', 'PDF'),
(33, '2022-11-29 14:20:00', 'Portfolio liquidity and asset management annual review.', 'HTML'),
(34, '2022-03-31 15:25:00', 'Investment performance analysis and optimization strategies.', 'PDF'),
(35, '2022-08-30 16:30:00', 'End of quarter portfolio performance analysis.', 'HTML'),
(36, '2022-05-21 17:35:00', 'Strategic investment review with long-term growth analysis.', 'PDF'),
(37, '2022-10-22 18:40:00', 'Monthly market volatility report and investment adjustments.', 'HTML'),
(38, '2022-04-23 19:45:00', 'Semi-annual financial health check and investment realignment.', 'PDF'),
(39, '2022-02-18 20:50:00', 'Third-quarter investment and market trend report.', 'HTML'),
(40, '2022-07-20 21:55:00', 'End of year comprehensive investment review and forecast.', 'PDF'),
(41, '2022-12-24 22:00:00', 'Portfolio valuation and sector performance analysis.', 'HTML'),
(42, '2022-03-29 23:05:00', 'Quarterly financial review with investment insights.', 'PDF'),
(43, '2022-08-15 08:10:00', 'Monthly strategic investment analysis and future outlook.', 'HTML'),
(44, '2022-01-27 09:15:00', 'End of month portfolio review and adjustment recommendations.', 'PDF'),
(45, '2022-06-13 10:20:00', 'Bi-annual portfolio performance report with sector analysis.', 'HTML'),
(46, '2022-11-16 11:25:00', 'Year-end financial summary and investment strategy review.', 'PDF'),
(47, '2022-05-12 12:30:00', 'Monthly investment and financial planning report.', 'HTML'),
(48, '2022-10-14 13:35:00', 'Quarter-end financial review and strategic investment advice.', 'PDF'),
(49, '2022-04-19 14:40:00', 'Mid-month market performance and portfolio update.', 'HTML');

INSERT INTO income (Date, Type, Amount, Description) VALUES
('2022-01-10 09:00:00', 'Salary', 5000, 'Monthly salary credited'),
('2022-01-15 10:00:00', 'Bonus', 2500, 'Annual performance bonus'),
('2022-02-10 11:00:00', 'Salary', 5000, 'Monthly salary credited'),
('2022-02-20 12:00:00', 'Dividend', 1200, 'Quarterly stock dividend received'),
('2022-03-10 13:00:00', 'Salary', 5000, 'Monthly salary credited'),
('2022-03-25 14:00:00', 'Bonus', 3000, 'Special project completion bonus'),
('2022-04-10 15:00:00', 'Salary', 5000, 'Monthly salary credited'),
('2022-04-15 16:00:00', 'Dividend', 1500, 'Quarterly stock dividend received'),
('2022-05-10 17:00:00', 'Salary', 5000, 'Monthly salary credited'),
('2022-05-20 18:00:00', 'Interest', 400, 'Monthly investment bond interest'),
('2022-06-10 09:30:00', 'Salary', 5000, 'Monthly salary credited'),
('2022-06-25 10:30:00', 'Dividend', 1300, 'Quarterly stock dividend received'),
('2022-07-10 11:30:00', 'Salary', 5000, 'Monthly salary credited'),
('2022-07-20 12:30:00', 'Bonus', 2200, 'Half-year performance bonus'),
('2022-08-10 13:30:00', 'Salary', 5000, 'Monthly salary credited'),
('2022-08-25 14:30:00', 'Interest', 450, 'Monthly investment bond interest'),
('2022-09-10 15:30:00', 'Salary', 5000, 'Monthly salary credited'),
('2022-09-30 16:30:00', 'Dividend', 1400, 'Quarterly stock dividend received'),
('2022-10-10 17:30:00', 'Salary', 5000, 'Monthly salary credited'),
('2022-10-25 18:30:00', 'Bonus', 2800, 'End of year performance bonus'),
('2022-11-10 19:30:00', 'Salary', 5000, 'Monthly salary credited'),
('2022-11-15 20:30:00', 'Interest', 500, 'Monthly investment bond interest'),
('2022-12-10 21:30:00', 'Salary', 5000, 'Monthly salary credited'),
('2022-12-20 08:00:00', 'Dividend', 1600, 'Quarterly stock dividend received'),
('2023-01-10 09:00:00', 'Salary', 5200, 'Monthly salary credited'),
('2023-01-25 10:00:00', 'Bonus', 2600, 'Annual performance bonus'),
('2023-02-10 11:00:00', 'Salary', 5200, 'Monthly salary credited'),
('2023-02-20 12:00:00', 'Dividend', 1250, 'Quarterly stock dividend received'),
('2023-03-10 13:00:00', 'Salary', 5200, 'Monthly salary credited'),
('2023-03-25 14:00:00', 'Bonus', 3100, 'Special project completion bonus'),
('2023-04-10 15:00:00', 'Salary', 5200, 'Monthly salary credited'),
('2023-04-15 16:00:00', 'Dividend', 1550, 'Quarterly stock dividend received'),
('2023-05-10 17:00:00', 'Salary', 5200, 'Monthly salary credited'),
('2023-05-20 18:00:00', 'Interest', 410, 'Monthly investment bond interest'),
('2023-06-10 09:30:00', 'Salary', 5200, 'Monthly salary credited'),
('2023-06-25 10:30:00', 'Dividend', 1350, 'Quarterly stock dividend received'),
('2023-07-10 11:30:00', 'Salary', 5200, 'Monthly salary credited'),
('2023-07-20 12:30:00', 'Bonus', 2300, 'Half-year performance bonus'),
('2023-08-10 13:30:00', 'Salary', 5200, 'Monthly salary credited'),
('2023-08-25 14:30:00', 'Interest', 460, 'Monthly investment bond interest'),
('2023-09-10 15:30:00', 'Salary', 5200, 'Monthly salary credited'),
('2023-09-30 16:30:00', 'Dividend', 1450, 'Quarterly stock dividend received'),
('2023-10-10 17:30:00', 'Salary', 5200, 'Monthly salary credited'),
('2023-10-25 18:30:00', 'Bonus', 2900, 'End of year performance bonus'),
('2023-11-10 19:30:00', 'Salary', 5200, 'Monthly salary credited'),
('2023-11-15 20:30:00', 'Interest', 510, 'Monthly investment bond interest'),
('2023-12-10 21:30:00', 'Salary', 5200, 'Monthly salary credited'),
('2023-12-20 08:00:00', 'Dividend', 1650, 'Quarterly stock dividend received');


INSERT INTO investment_transaction (IncomeID, InvestmentID, Amount, Date, Type) VALUES
(1, 1, 24500, '2022-01-10 09:30:00', 'Purchase'),
(2, 2, 17000, '2022-01-15 10:00:00', 'Purchase'),
(3, 3, 14800, '2022-02-10 11:00:00', 'Purchase'),
(4, 4, 21000, '2022-02-20 12:00:00', 'Withdraw'),
(5, 5, 32000, '2022-03-10 13:00:00', 'Purchase'),
(6, 6, 11500, '2022-03-25 14:00:00', 'Withdraw'),
(7, 7, 18500, '2022-04-10 15:00:00', 'Purchase'),
(8, 8, 20000, '2022-04-15 16:00:00', 'Purchase'),
(9, 9, 15500, '2022-05-10 17:00:00', 'Withdraw'),
(10, 10, 22500, '2022-05-20 18:00:00', 'Purchase'),
(11, 11, 24500, '2022-06-10 09:30:00', 'Purchase'),
(12, 12, 13800, '2022-06-25 10:30:00', 'Withdraw'),
(13, 13, 16000, '2022-07-10 11:30:00', 'Purchase'),
(14, 14, 27000, '2022-07-20 12:30:00', 'Withdraw'),
(15, 15, 15000, '2022-08-10 13:30:00', 'Purchase'),
(16, 16, 19500, '2022-08-25 14:30:00', 'Withdraw'),
(17, 17, 24000, '2022-09-10 15:30:00', 'Purchase'),
(18, 18, 12500, '2022-09-30 16:30:00', 'Withdraw'),
(19, 19, 17500, '2022-10-10 17:30:00', 'Purchase'),
(20, 20, 29000, '2022-10-25 18:30:00', 'Purchase'),
(21, 21, 30500, '2022-11-10 19:30:00', 'Withdraw'),
(22, 22, 9500, '2022-11-15 20:30:00', 'Purchase'),
(23, 23, 18500, '2022-12-10 21:30:00', 'Purchase'),
(24, 24, 16000, '2022-12-20 08:00:00', 'Withdraw'),
(25, 25, 19500, '2023-01-10 09:00:00', 'Purchase'),
(26, 26, 16500, '2023-01-25 10:00:00', 'Purchase'),
(27, 27, 22000, '2023-02-10 11:00:00', 'Withdraw'),
(28, 28, 12500, '2023-02-20 12:00:00', 'Purchase'),
(29, 29, 17500, '2023-03-10 13:00:00', 'Purchase'),
(30, 30, 19500, '2023-03-25 14:00:00', 'Withdraw'),
(31, 31, 20500, '2023-04-10 15:00:00', 'Purchase'),
(32, 32, 15500, '2023-04-15 16:00:00', 'Withdraw'),
(33, 33, 18500, '2023-05-10 17:00:00', 'Purchase'),
(34, 34, 22000, '2023-05-20 18:00:00', 'Purchase'),
(35, 35, 24500, '2023-06-10 09:30:00', 'Withdraw'),
(36, 36, 13800, '2023-06-25 10:30:00', 'Purchase'),
(37, 37, 16000, '2023-07-10 11:30:00', 'Purchase'),
(38, 38, 27000, '2023-07-20 12:30:00', 'Withdraw'),
(39, 39, 15000, '2023-08-10 13:30:00', 'Purchase'),
(40, 40, 19500, '2023-08-25 14:30:00', 'Purchase'),
(41, 41, 24000, '2023-09-10 15:30:00', 'Withdraw'),
(42, 42, 12500, '2023-09-30 16:30:00', 'Purchase'),
(43, 43, 17500, '2023-10-10 17:30:00', 'Purchase'),
(44, 44, 29000, '2023-10-25 18:30:00', 'Withdraw'),
(45, 45, 30500, '2023-11-10 19:30:00', 'Purchase'),
(46, 46, 9500, '2023-11-15 20:30:00', 'Purchase'),
(47, 47, 18500, '2023-12-10 21:30:00', 'Withdraw'),
(48, 48, 16000, '2023-12-20 08:00:00', 'Purchase');


-- insert into instruments
INSERT INTO instruments (instrument_ID, accountNum, quotes, type)
VALUES
(1, 1, 1500.25, 'Stock'),
(2, 1, 300.75, 'Bond'),
(3, 2, 4000.50, 'ETF'),
(4, 2, 250.25, 'Stock'),
(5, 2, 150.75, 'Bond'),
(6, 3, 750.25, 'Stock'),
(7, 4, 10000.75, 'ETF'),
(8, 4, 500.50, 'Stock'),
(9, 5, 2000.25, 'Bond'),
(10, 6, 600.75, 'Stock'),
(11, 7, 3000.50, 'ETF'),
(12, 8, 125.25, 'Stock'),
(13, 8, 250.75, 'Bond'),
(14, 9, 900.25, 'Stock'),
(15, 9, 1500.50, 'Bond'),
(16, 10, 5000.75, 'ETF'),
(17, 10, 300.25, 'Stock'),
(18, 11, 200.50, 'Stock'),
(19, 12, 750.75, 'ETF'),
(20, 13, 15000.25, 'Stock'),
(21, 13, 3000.50, 'Bond'),
(22, 14, 500.75, 'Stock'),
(23, 15, 2500.25, 'ETF'),
(24, 15, 750.50, 'Stock'),
(25, 15, 400.75, 'Bond'),
(26, 16, 6000.25, 'Stock'),
(27, 17, 200.50, 'ETF'),
(28, 18, 1000.75, 'Stock'),
(29, 18, 500.25, 'Bond'),
(30, 19, 3000.50, 'Stock'),
(31, 20, 150.25, 'ETF'),
(32, 21, 750.75, 'Stock'),
(33, 22, 500.50, 'Bond'),
(34, 23, 600.25, 'Stock'),
(35, 24, 300.50, 'ETF'),
(36, 24, 1250.75, 'Stock'),
(37, 24, 700.25, 'Bond'),
(38, 25, 9000.50, 'Stock'),
(39, 26, 1000.75, 'ETF'),
(40, 26, 250.25, 'Stock'),
(41, 26, 150.50, 'Bond'),
(42, 27, 750.25, 'Stock'),
(43, 28, 300.50, 'ETF'),
(44, 28, 500.75, 'Stock'),
(45, 29, 2000.25, 'Bond'),
(46, 30, 400.75, 'Stock'),
(47, 31, 500.50, 'ETF'),
(48, 32, 1500.25, 'Stock'),
(49, 32, 600.50, 'Bond'),
(50, 33, 3000.75, 'Stock'),
(51, 34, 400.25, 'ETF'),
(52, 34, 1750.50, 'Stock'),
(53, 35, 500.75, 'Bond'),
(54, 36, 800.25, 'Stock'),
(55, 36, 400.50, 'Bond'),
(56, 37, 900.75, 'Stock'),
(57, 38, 100.25, 'ETF'),
(58, 39, 5000.50, 'Stock'),
(59, 40, 200.75, 'Bond'),
(60, 40, 150.50, 'Stock');

-- Insert data into trades
INSERT INTO trades(tradeID, accountNum, date, number_of_shares, price_per_share, total_amount, instrumentID, buy_or_sell) VALUES
(1, 1, '2024-04-01', 100, 50.25, 5025.00, 1, 1),
(2, 2, '2024-04-02', 50, 60.75, 3037.50, 2, 1),
(3, 3, '2024-04-03', 75, 45.30, 3397.50, 3, 1),
(4, 4, '2024-04-04', 200, 30.10, 6020.00, 4, 1),
(5, 5, '2024-04-05', 150, 55.80, 8370.00, 5, 1),
(6, 6, '2024-04-06', 100, 70.45, 7045.00, 6, 1),
(7, 7, '2024-04-07', 300, 25.90, 7770.00, 7, 1),
(8, 8, '2024-04-08', 75, 40.20, 3015.00, 8, 1),
(9, 9, '2024-04-09', 120, 65.30, 7836.00, 9, 1),
(10, 10, '2024-04-10', 90, 55.10, 4959.00, 10, 1),
(11, 11, '2024-04-11', 200, 30.80, 6160.00, 11, 1),
(12, 12, '2024-04-12', 150, 48.90, 7335.00, 12, 1),
(13, 13, '2024-04-13', 50, 70.20, 3510.00, 13, 1),
(14, 14, '2024-04-14', 100, 55.40, 5540.00, 14, 1),
(15, 15, '2024-04-15', 300, 35.60, 10680.00, 15, 1),
(16, 16, '2024-04-16', 75, 60.80, 4560.00, 16, 1),
(17, 17, '2024-04-17', 200, 28.90, 5780.00, 17, 1),
(18, 18, '2024-04-18', 150, 50.10, 7515.00, 18, 1),
(19, 19, '2024-04-19', 50, 75.30, 3765.00, 19, 1),
(20, 20, '2024-04-20', 100, 50.20, 5020.00, 20, 1),
(21, 21, '2024-04-21', 200, 32.10, 6420.00, 21, 1),
(22, 22, '2024-04-22', 150, 47.80, 7170.00, 22, 1),
(23, 23, '2024-04-23', 75, 65.40, 4905.00, 23, 1),
(24, 24, '2024-04-24', 300, 30.70, 9210.00, 24, 1),
(25, 25, '2024-04-25', 90, 55.90, 5031.00, 25, 1),
(26, 26, '2024-04-26', 100, 52.40, 5240.00, 26, 1),
(27, 27, '2024-04-27', 50, 80.10, 4005.00, 27, 1),
(28, 28, '2024-04-28', 150, 48.70, 7305.00, 28, 1),
(29, 29, '2024-04-29', 200, 35.20, 7040.00, 29, 1),
(30, 30, '2024-04-30', 75, 62.90, 4717.50, 30, 1),
(31, 31, '2024-05-01', 120, 40.50, 4860.00, 31, 0),
(32, 32, '2024-05-02', 80, 58.60, 4688.00, 32, 0),
(33, 33, '2024-05-03', 100, 44.20, 4420.00, 33, 0),
(34, 34, '2024-05-04', 250, 28.40, 7100.00, 34, 0),
(35, 35, '2024-05-05', 200, 54.10, 10820.00, 35, 0),
(36, 36, '2024-05-06', 100, 65.80, 6580.00, 36, 0),
(37, 37, '2024-05-07', 300, 35.70, 10710.00, 37, 0),
(38, 38, '2024-05-08', 75, 45.90, 3442.50, 38, 0),
(39, 39, '2024-05-09', 120, 70.30, 8436.00, 39, 0),
(40, 40, '2024-05-10', 90, 65.10, 5859.00, 40, 0),
(41, 41, '2024-05-11', 200, 35.80, 7160.00, 41, 0),
(42, 42, '2024-05-12', 150, 60.90, 9135.00, 42, 0),
(43, 43, '2024-05-13', 50, 75.20, 3760.00, 43, 0),
(44, 44, '2024-05-14', 100, 52.40, 5240.00, 44, 0),
(45, 45, '2024-05-15', 300, 40.60, 12180.00, 45, 0),
(46, 46, '2024-05-16', 75, 65.30, 4897.50, 46, 0),
(47, 47, '2024-05-17', 200, 28.90, 5780.00, 47, 0),
(48, 48, '2024-05-18', 150, 50.10, 7515.00, 48, 0),
(49, 49, '2024-05-19', 50, 75.30, 3765.00, 49, 0),
(50, 50, '2024-05-20', 100, 50.20, 5020.00, 50, 0),
(51, 1, '2024-05-01', 120, 45.60, 5472.00, 51, 1),
(52, 2, '2024-05-02', 70, 60.40, 4228.00, 52, 1),
(53, 3, '2024-05-03', 80, 43.20, 3456.00, 53, 1),
(54, 4, '2024-05-04', 150, 29.80, 4470.00, 54, 1),
(55, 5, '2024-05-05', 250, 52.10, 13025.00, 55, 1),
(56, 6, '2024-05-06', 120, 70.90, 8508.00, 56, 1),
(57, 7, '2024-05-07', 400, 36.70, 14680.00, 57, 1),
(58, 8, '2024-05-08', 90, 45.40, 4086.00, 58, 1),
(59, 9, '2024-05-09', 180, 64.20, 11556.00, 59, 1),
(60, 10, '2024-05-10', 100, 57.30, 5730.00, 60, 1);

-- insert data into retirement account
INSERT INTO retirement_account (account_num, userID, account_type, cash_balance, contribution_limit, total_limit)
VALUES
(1, 1, '401(k)', 5000.00, 19000.00, 56000.00),
(2, 2, 'IRA', 3000.00, 6000.00, 6000.00),
(3, 3, 'Roth IRA', 2500.00, 7000.00, 7000.00),
(4, 4, '401(k)', 8000.00, 19500.00, 52000.00),
(5, 5, '403(b)', 6000.00, 19500.00, 55000.00),
(6, 6, 'IRA', 4000.00, 7000.00, 7000.00),
(7, 7, 'Roth IRA', 3500.00, 6000.00, 6000.00),
(8, 8, '401(k)', 7000.00, 19000.00, 58000.00),
(9, 9, 'IRA', 2000.00, 6500.00, 6500.00),
(10, 10, '403(b)', 5500.00, 20000.00, 55000.00),
(11, 11, '401(k)', 7500.00, 20000.00, 55000.00),
(12, 12, 'IRA', 4500.00, 7500.00, 7500.00),
(13, 13, 'Roth IRA', 3200.00, 6500.00, 6500.00),
(14, 14, '401(k)', 8500.00, 21000.00, 57000.00),
(15, 15, '403(b)', 6200.00, 22000.00, 62000.00),
(16, 16, 'IRA', 5000.00, 8000.00, 8000.00),
(17, 17, 'Roth IRA', 3800.00, 7000.00, 7000.00),
(18, 18, '401(k)', 9000.00, 22000.00, 59000.00),
(19, 19, 'IRA', 2300.00, 7000.00, 7000.00),
(20, 20, '403(b)', 5800.00, 21000.00, 58000.00),
(21, 21, '401(k)', 8000.00, 21000.00, 58000.00),
(22, 22, 'IRA', 4700.00, 8000.00, 8000.00),
(23, 23, 'Roth IRA', 3400.00, 6500.00, 6500.00),
(24, 24, '401(k)', 8700.00, 22000.00, 60000.00),
(25, 25, '403(b)', 6400.00, 23000.00, 64000.00),
(26, 26, 'IRA', 5200.00, 8500.00, 8500.00),
(27, 27, 'Roth IRA', 4000.00, 7500.00, 7500.00),
(28, 28, '401(k)', 9500.00, 23000.00, 61000.00),
(29, 29, 'IRA', 2600.00, 7500.00, 7500.00),
(30, 30, '403(b)', 6100.00, 22000.00, 59000.00),
(31, 31, '401(k)', 8200.00, 22000.00, 59000.00),
(32, 32, 'IRA', 4900.00, 8500.00, 8500.00),
(33, 33, 'Roth IRA', 3600.00, 7000.00, 7000.00),
(34, 34, '401(k)', 8800.00, 23000.00, 62000.00),
(35, 35, '403(b)', 6600.00, 24000.00, 66000.00),
(36, 36, 'IRA', 5400.00, 9000.00, 9000.00),
(37, 37, 'Roth IRA', 4200.00, 8000.00, 8000.00),
(38, 38, '401(k)', 10000.00, 24000.00, 63000.00),
(39, 39, 'IRA', 2900.00, 8000.00, 8000.00),
(40, 40, '403(b)', 6400.00, 23000.00, 63000.00),
(41, 41, '401(k)', 8400.00, 23000.00, 63000.00),
(42, 42, 'IRA', 5100.00, 9000.00, 9000.00),
(43, 43, 'Roth IRA', 3800.00, 7500.00, 7500.00),
(44, 44, '401(k)', 9000.00, 24000.00, 64000.00),
(45, 45, '403(b)', 6800.00, 25000.00, 68000.00),
(46, 46, 'IRA', 5700.00, 9500.00, 9500.00),
(47, 47, 'Roth IRA', 4400.00, 8500.00, 8500.00),
(48, 48, '401(k)', 10500.00, 25000.00, 65000.00),
(49, 49, 'IRA', 3200.00, 8500.00, 8500.00),
(50, 50, '403(b)', 6700.00, 24000.00, 64000.00);

-- insert into retirement transactions
INSERT INTO retirement_transaction (account_num, transaction_type, amount)
VALUES
(1, 'Contribution', 1000.00),
(2, 'Withdrawal', -500.00),
(3, 'Withdrawal', -100.00),
(4, 'Contribution', 800.00),
(5, 'Withdrawal', -400.00),
(6, 'Contribution', 300.00),
(7, 'Withdrawal', -100.00),
(8, 'Contribution', 900.00),
(9, 'Withdrawal', -200.00),
(10, 'Contribution', 700.00),
(11, 'Withdrawal', -200.00),
(12, 'Contribution', 800.00),
(13, 'Withdrawal', -100.00),
(14, 'Contribution', 1000.00),
(15, 'Withdrawal', -200.00),
(16, 'Contribution', 700.00),
(17, 'Withdrawal', -200.00),
(18, 'Contribution', 800.00),
(19, 'Withdrawal', -100.00),
(20, 'Contribution', 1000.00),
(21, 'Withdrawal', -200.00),
(22, 'Contribution', 700.00),
(23, 'Withdrawal', -200.00),
(24, 'Contribution', 800.00),
(25, 'Withdrawal', -100.00),
(26, 'Contribution', 1000.00),
(27, 'Withdrawal', -200.00),
(28, 'Contribution', 700.00),
(29, 'Withdrawal', -200.00),
(30, 'Contribution', 800.00),
(31, 'Withdrawal', -100.00),
(32, 'Contribution', 1000.00),
(33, 'Withdrawal', -200.00),
(34, 'Contribution', 700.00),
(35, 'Withdrawal', -200.00),
(36, 'Contribution', 800.00),
(37, 'Withdrawal', -100.00),
(38, 'Contribution', 1000.00),
(39, 'Withdrawal', -200.00),
(40, 'Contribution', 700.00),
(41, 'Withdrawal', -200.00),
(42, 'Contribution', 800.00),
(43, 'Withdrawal', -100.00),
(44, 'Contribution', 1000.00),
(45, 'Withdrawal', -200.00),
(46, 'Contribution', 700.00),
(47, 'Withdrawal', -200.00),
(48, 'Withdrawal', -400.00),
(49, 'Contribution', 300.00),
(50, 'Withdrawal', -600.00);







